path,size_bytes,mtime,ctime,suffix,category,reason
README.md,2831,2025-11-09 16:50:59,2025-11-09 16:50:59,.md,keep,explicitly listed important
TA_STAR_UNITY_SETUP.md,6277,2025-11-09 18:03:51,2025-11-09 18:03:51,.md,keep,likely important by keyword
TA_STAR_REPORT.md,9143,2025-11-09 16:35:46,2025-11-09 16:35:46,.md,keep,likely important by keyword
PROJECT_HANDOVER_TA_STAR_UNITY.md,13772,2025-11-10 19:21:05,2025-11-10 19:21:05,.md,keep,likely important by keyword
presentation/all_planners_by_size_linear_300dpi.png,93788,2025-12-23 02:55:09,2025-12-23 02:55:09,.png,keep,likely important by keyword
presentation/legend_all_planners_300dpi.png,19361,2025-12-23 02:30:28,2025-12-23 02:30:28,.png,keep,likely important by keyword
documents/thesis/paper/tables/README.md,5786,2025-10-08 15:17:07,2025-10-08 15:17:07,.md,keep,explicitly listed important
documents/thesis/paper/figures/README.md,5352,2025-10-08 15:17:07,2025-10-08 15:17:07,.md,keep,explicitly listed important
documents/thesis/literature/README.md,1360,2025-10-06 14:22:24,2025-10-06 14:22:24,.md,keep,explicitly listed important
archive/UNITY_VISUALIZATION_README.md,2404,2025-10-18 08:20:12,2025-11-09 16:47:44,.md,keep,likely important by keyword
archive/path_planner_interface.md,11108,2025-10-17 11:13:52,2025-11-09 16:47:47,.md,keep,likely important by keyword
archive/BENCHMARK_README.md,6551,2025-11-07 12:17:52,2025-11-09 16:47:44,.md,keep,likely important by keyword
archive/unity_integration_guide.md,9528,2025-10-12 18:10:46,2025-11-09 16:47:47,.md,keep,likely important by keyword
archive/unity_git/bunker_unity/README.md,4133,2025-09-04 03:46:39,2025-09-04 03:46:39,.md,keep,explicitly listed important
archive/unity_git/bunker_unity/ROS2_pkg/unity_toolbox/topic_based_ros2_control-main/README.md,525,2025-09-04 03:46:39,2025-09-04 03:46:39,.md,keep,explicitly listed important
archive/unity_git/bunker_unity/ROS2_pkg/unity_toolbox/ROS-TCP-Endpoint-main-ros2/.gitignore,61,2025-09-04 03:46:39,2025-09-04 03:46:39,,keep,explicitly listed important
archive/unity_git/bunker_unity/ROS2_pkg/unity_toolbox/ROS-TCP-Endpoint-main-ros2/README.md,1549,2025-09-04 03:46:39,2025-09-04 03:46:39,.md,keep,explicitly listed important
archive/unity_git/bunker_unity/ROS2_pkg/unity_toolbox/ROS-TCP-Endpoint-main-ros2/requirements.txt,27,2025-09-04 03:46:39,2025-09-04 03:46:39,.txt,keep,explicitly listed important
archive/unity_git/bunker_unity/ROS2_pkg/unity_toolbox/ROS-TCP-Endpoint-main-ros2/ros_tcp_endpoint/unity_service.py,2016,2025-09-04 03:46:39,2025-09-04 03:46:39,.py,keep,likely important by keyword
archive/presentation/final_presentation.md,10478,2025-10-08 15:17:08,2025-10-08 15:17:08,.md,keep,likely important by keyword
archive/presentation/midterm_presentation.md,8490,2025-10-08 15:17:08,2025-10-08 15:17:08,.md,keep,likely important by keyword
archive/ros_launcher/ros2_launcher.sh,5671,2025-09-05 22:28:12,2025-09-05 22:28:43,.sh,keep,likely important by keyword
archive/old_tests/visualize_ta_star.py,9428,2025-11-09 16:32:15,2025-11-09 16:43:20,.py,keep,likely important by keyword
archive/old_implementations/astar_planner_3d_fixed.py,11063,2025-10-31 10:42:32,2025-11-09 16:43:22,.py,keep,likely important by keyword
archive/old_implementations/astar_planner_3d_enhanced.py,14342,2025-10-31 10:42:30,2025-11-09 16:43:22,.py,keep,likely important by keyword
archive/old_implementations/dijkstra_planner_3d_improved.py,14207,2025-10-31 10:42:31,2025-11-09 16:43:22,.py,keep,likely important by keyword
archive/old_implementations/terrain_aware_astar_planner_3d.py,14654,2025-10-31 10:42:32,2025-11-09 16:43:22,.py,keep,likely important by keyword
archive/old_results/benchmark_results_20251107_143241.json,1805,2025-11-07 14:32:41,2025-11-09 16:43:21,.json,keep,likely important by keyword
venv/.gitignore,1,2025-12-16 12:03:05,2025-12-16 12:03:05,,keep,explicitly listed important
results/complexity_comparison.csv,378,2025-12-19 12:00:35,2025-12-19 12:00:35,.csv,keep,explicitly listed important
results/archive_20251117_old/benchmark_results_20251117_104800.json,2893,2025-11-17 10:48:00,2025-12-16 12:57:54,.json,keep,likely important by keyword
results/archive_20251117_old/benchmark_results_20251117_181743.json,11097,2025-11-17 18:17:43,2025-12-16 12:57:54,.json,keep,likely important by keyword
results/archive_20251117_old/benchmark_results_20251114_203127.json,4988,2025-11-14 20:31:27,2025-12-16 12:57:54,.json,keep,likely important by keyword
results/archive_20251117_old/benchmark_results_20251117_184342.json,11102,2025-11-17 18:43:42,2025-12-16 12:57:54,.json,keep,likely important by keyword
results/archive_20251117_old/benchmark_results_20251114_132704.json,13057,2025-11-14 13:27:04,2025-12-16 12:57:54,.json,keep,likely important by keyword
results/archive_20251117_old/benchmark_results_20251117_201445.json,13101,2025-11-17 20:14:45,2025-12-16 12:57:54,.json,keep,likely important by keyword
results/archive_20251117_old/benchmark_results_20251117_093333.json,1602,2025-11-17 09:33:33,2025-12-16 12:57:54,.json,keep,likely important by keyword
results/archive_20251117_old/benchmark_results_20251117_192826.json,11332,2025-11-17 19:28:26,2025-12-16 12:57:54,.json,keep,likely important by keyword
results/archive_20251117_old/benchmark_results_20251117_093031.json,1310,2025-11-17 09:30:31,2025-12-16 12:57:54,.json,keep,likely important by keyword
results/archive_20251117_old/benchmark_results_20251109_155653.json,1804,2025-11-09 15:56:53,2025-12-16 12:57:54,.json,keep,likely important by keyword
results/archive_20251117_old/benchmark_results_20251117_101335.json,1602,2025-11-17 10:13:35,2025-12-16 12:57:54,.json,keep,likely important by keyword
results/archive_20251117_old/benchmark_results_20251117_103603.json,2523,2025-11-17 10:36:03,2025-12-16 12:57:54,.json,keep,likely important by keyword
results/archive_20251117_old/benchmark_results_20251117_182935.json,11104,2025-11-17 18:29:35,2025-12-16 12:57:54,.json,keep,likely important by keyword
results/archive_20251117_old/benchmark_results_20251117_103842.json,2465,2025-11-17 10:38:42,2025-12-16 12:57:54,.json,keep,likely important by keyword
results/archive_20251117_old/benchmark_results_20251117_145711.json,11122,2025-11-17 14:57:11,2025-12-16 12:57:54,.json,keep,likely important by keyword
results/archive_20251117_old/benchmark_results_20251114_155341.json,13089,2025-11-14 15:53:41,2025-12-16 12:57:54,.json,keep,likely important by keyword
results/archive_20251117_old/benchmark_results_20251117_093309.json,1366,2025-11-17 09:33:09,2025-12-16 12:57:54,.json,keep,likely important by keyword
results/archive_20251117_old/benchmark_results_20251117_102444.json,2082,2025-11-17 10:24:44,2025-12-16 12:57:54,.json,keep,likely important by keyword
results/archive_20251117_old/benchmark_results_20251117_101808.json,4776,2025-11-17 10:18:08,2025-12-16 12:57:54,.json,keep,likely important by keyword
results/archive_20251117_old/benchmark_results_20251117_103727.json,2376,2025-11-17 10:37:27,2025-12-16 12:57:54,.json,keep,likely important by keyword
results/archive_20251117_old/benchmark_results_20251117_112340.json,10621,2025-11-17 11:23:40,2025-12-16 12:57:54,.json,keep,likely important by keyword
results/archive_20251117_old/benchmark_results_20251114_202803.json,4987,2025-11-14 20:28:03,2025-12-16 12:57:54,.json,keep,likely important by keyword
results/archive_20251117_old/benchmark_results_20251117_180500.json,11051,2025-11-17 18:05:00,2025-12-16 12:57:54,.json,keep,likely important by keyword
results/archive_20251117_old/benchmark_results_20251117_194758.json,11183,2025-11-17 19:47:58,2025-12-16 12:57:54,.json,keep,likely important by keyword
results/archive_20251117_old/benchmark_results_20251117_120210.json,11124,2025-11-17 12:02:10,2025-12-16 12:57:54,.json,keep,likely important by keyword
results/archive_20251117_old/benchmark_results_20251114_202358.json,4991,2025-11-14 20:23:58,2025-12-16 12:57:54,.json,keep,likely important by keyword
results/archive_20251117_old/benchmark_results_20251117_105319.json,9955,2025-11-17 10:53:19,2025-12-16 12:57:54,.json,keep,likely important by keyword
results/archive_20251117_old/benchmark_results_20251114_143341.json,13204,2025-11-14 14:33:41,2025-12-16 12:57:54,.json,keep,likely important by keyword
results/archive_20251117_old/benchmark_results_20251117_191213.json,11363,2025-11-17 19:12:13,2025-12-16 12:57:54,.json,keep,likely important by keyword
scenarios/benchmark_scenarios.json,4616,2025-11-07 12:00:40,2025-11-07 12:00:40,.json,keep,likely important by keyword
ros2/ros2_ws/src/benchmarks/standard_benchmark_v1.0.json,48118,2025-10-25 16:45:56,2025-10-25 16:45:56,.json,keep,likely important by keyword
ros2/ros2_ws/src/build/bunker_unity/.cmake/api/v1/reply/target-bunker_unity_uninstall-6eb551c00cd65476c096.json,1863,2025-09-05 17:50:10,2025-09-05 17:50:10,.json,keep,likely important by keyword
ros2/ros2_ws/src/build/ros_tcp_endpoint/build/lib/ros_tcp_endpoint/unity_service.py,2016,2025-09-04 03:46:39,2025-09-05 17:51:29,.py,keep,likely important by keyword
ros2/ros2_ws/src/build/topic_based_ros2_control/.cmake/api/v1/reply/target-topic_based_ros2_control_uninstall-470756b3b53c0be4744e.json,1936,2025-09-05 17:50:11,2025-09-05 17:50:11,.json,keep,likely important by keyword
ros2/ros2_ws/src/build/topic_based_ros2_control/.cmake/api/v1/reply/target-topic_based_ros2_control-d3665d30b34287a58f25.json,34348,2025-09-05 17:50:11,2025-09-05 17:50:11,.json,keep,likely important by keyword
ros2/ros2_ws/src/path_planner_3d/README.md,4657,2025-10-17 11:41:12,2025-10-17 11:41:12,.md,keep,explicitly listed important
ros2/ros2_ws/src/path_planner_3d/path_planner_3d/dijkstra_planner_3d.py,10917,2025-11-07 12:40:06,2025-11-17 21:04:09,.py,keep,likely important by keyword
ros2/ros2_ws/src/path_planner_3d/path_planner_3d/ta_star_planner_node.py,17142,2025-11-17 09:28:32,2025-11-17 21:04:09,.py,keep,likely important by keyword
ros2/ros2_ws/src/path_planner_3d/path_planner_3d/simple_dwa_planner.py,10788,2025-12-16 21:01:39,2025-12-16 21:01:39,.py,keep,likely important by keyword
ros2/ros2_ws/src/path_planner_3d/path_planner_3d/dijkstra_dwa_planner.py,5397,2025-12-16 21:01:39,2025-12-16 21:01:39,.py,keep,likely important by keyword
ros2/ros2_ws/src/path_planner_3d/path_planner_3d/ara_star_planner_3d.py,2809,2025-11-17 19:59:20,2025-11-17 21:04:09,.py,keep,likely important by keyword
ros2/ros2_ws/src/path_planner_3d/path_planner_3d/weighted_astar_planner_3d.py,11625,2025-11-07 12:40:06,2025-11-17 21:04:09,.py,keep,likely important by keyword
ros2/ros2_ws/src/path_planner_3d/path_planner_3d/benchmark_planners.py,21637,2025-11-21 15:24:06,2025-11-21 15:24:06,.py,keep,likely important by keyword
ros2/ros2_ws/src/path_planner_3d/path_planner_3d/benchmark_full.py,19588,2025-11-21 18:24:08,2025-11-21 18:24:08,.py,keep,likely important by keyword
ros2/ros2_ws/src/path_planner_3d/path_planner_3d/dstar_lite_planner.py,7253,2025-11-21 12:56:09,2025-11-21 12:56:09,.py,keep,likely important by keyword
ros2/ros2_ws/src/path_planner_3d/path_planner_3d/hpa_star_planner.py,15171,2025-11-21 13:28:53,2025-11-21 13:28:53,.py,keep,likely important by keyword
ros2/ros2_ws/src/path_planner_3d/path_planner_3d/astar_planner_3d.py,14372,2025-11-07 11:52:52,2025-11-17 21:04:09,.py,keep,likely important by keyword
ros2/ros2_ws/src/path_planner_3d/path_planner_3d/path_planner_node.py,17476,2025-10-06 19:49:37,2025-11-17 21:04:09,.py,keep,likely important by keyword
ros2/ros2_ws/src/path_planner_3d/path_planner_3d/base_planner.py,5182,2025-10-31 10:42:42,2025-11-17 21:04:09,.py,keep,likely important by keyword
ros2/ros2_ws/src/path_planner_3d/path_planner_3d/adaptive_terrain_planner.py,14136,2025-11-21 12:39:01,2025-11-21 12:39:01,.py,keep,likely important by keyword
ros2/ros2_ws/src/path_planner_3d/path_planner_3d/export_unity_data.py,8951,2025-11-23 15:30:25,2025-11-23 15:30:25,.py,keep,likely important by keyword
ros2/ros2_ws/src/path_planner_3d/path_planner_3d/astar_planner.py,8853,2025-10-31 10:42:42,2025-11-17 21:04:09,.py,keep,likely important by keyword
ros2/ros2_ws/src/path_planner_3d/path_planner_3d/rrt_star_planner_3d.py,11402,2025-11-17 19:45:37,2025-11-17 21:04:09,.py,keep,likely important by keyword
ros2/ros2_ws/src/path_planner_3d/path_planner_3d/safety_first_planner.py,9209,2025-11-21 12:56:09,2025-11-21 12:56:09,.py,keep,likely important by keyword
ros2/ros2_ws/src/path_planner_3d/path_planner_3d/theta_star_planner.py,8078,2025-10-31 10:42:35,2025-11-17 21:04:09,.py,keep,likely important by keyword
ros2/ros2_ws/src/path_planner_3d/path_planner_3d/benchmark_results/benchmark_results.json,142469,2025-11-21 19:38:52,2025-11-21 19:38:52,.json,keep,likely important by keyword
ros2/ros2_ws/src/path_planner_3d/path_planner_3d/benchmark_results/dijkstra_detailed_stats.csv,489,2025-12-17 23:28:42,2025-12-17 23:28:42,.csv,keep,explicitly listed important
ros2/ros2_ws/src/path_planner_3d/path_planner_3d/benchmark_results/full_benchmark_results.json,142469,2025-11-21 19:38:52,2025-11-21 19:38:52,.json,keep,explicitly listed important
ros2/ros2_ws/src/path_planner_3d/path_planner_3d/benchmark_results/dijkstra_dwa_results.json,30670,2025-12-17 21:41:25,2025-12-17 21:41:25,.json,keep,explicitly listed important
ros2/ros2_ws/src/path_planner_3d/path_planner_3d/benchmark_results/all_planners_comparison.csv,1371,2025-12-17 23:28:41,2025-12-17 23:28:41,.csv,keep,explicitly listed important
ros2/ros2_ws/src/path_planner_3d/path_planner_3d/benchmark_results/complexity_performance_full.csv,785,2025-12-17 23:02:30,2025-12-17 23:02:30,.csv,keep,explicitly listed important
ros2/ros2_ws/src/path_planner_3d/path_planner_3d/benchmark_results/ta_star_by_complexity.csv,293,2025-12-17 23:28:41,2025-12-17 23:28:41,.csv,keep,explicitly listed important
ros2/ros2_ws/src/path_planner_3d/path_planner_3d/benchmark_results/multiscale_benchmark_results.json,133550,2025-11-21 16:45:48,2025-11-21 16:45:48,.json,keep,likely important by keyword
ros2/ros2_ws/src/path_planner_3d/path_planner_3d/benchmark_results/all_planners_by_size_barplot.png,31188,2025-12-17 23:28:42,2025-12-17 23:28:42,.png,keep,likely important by keyword
ros2/ros2_ws/src/path_planner_3d/path_planner_3d/benchmark_results/scenario_complexity_full.csv,4163,2025-12-17 23:02:30,2025-12-17 23:02:30,.csv,keep,explicitly listed important
ros2/ros2_ws/src/path_planner_3d/path_planner_3d/benchmark_results/ta_star_complexity_boxplot.png,19391,2025-12-17 23:28:42,2025-12-17 23:28:42,.png,keep,likely important by keyword
ros2/ros2_ws/src/path_planner_3d/path_planner_3d/benchmark_results/presentation/ta_star_complexity_boxplot_300dpi.png,134620,2025-12-23 03:11:37,2025-12-23 03:11:37,.png,keep,likely important by keyword
ros2/ros2_ws/src/path_planner_3d/path_planner_3d/benchmark_results/presentation/all_planners_by_size.pdf,23063,2025-12-23 03:11:36,2025-12-23 03:11:36,.pdf,keep,likely important by keyword
ros2/ros2_ws/src/path_planner_3d/path_planner_3d/benchmark_results/presentation/all_planners_by_size_300dpi.png,183334,2025-12-23 03:11:36,2025-12-23 03:11:36,.png,keep,likely important by keyword
ros2/ros2_ws/src/path_planner_3d/path_planner_3d/benchmark_results/presentation/ta_star_complexity_boxplot.pdf,14572,2025-12-23 03:11:37,2025-12-23 03:11:37,.pdf,keep,likely important by keyword
ros2/ros2_ws/src/install/ros_tcp_endpoint/lib/python3.10/site-packages/ros_tcp_endpoint/unity_service.py,2016,2025-09-04 03:46:39,2025-09-05 17:51:29,.py,keep,likely important by keyword
ros2/ros2_ws/src/unity_toolbox/topic_based_ros2_control-main/README.md,525,2025-09-04 03:46:39,2025-09-04 04:19:38,.md,keep,explicitly listed important
ros2/ros2_ws/src/unity_toolbox/ROS-TCP-Endpoint-main-ros2/.gitignore,61,2025-09-04 03:46:39,2025-09-04 04:19:38,,keep,explicitly listed important
ros2/ros2_ws/src/unity_toolbox/ROS-TCP-Endpoint-main-ros2/README.md,1549,2025-09-04 03:46:39,2025-09-04 04:19:38,.md,keep,explicitly listed important
ros2/ros2_ws/src/unity_toolbox/ROS-TCP-Endpoint-main-ros2/requirements.txt,27,2025-09-04 03:46:39,2025-09-04 04:19:38,.txt,keep,explicitly listed important
ros2/ros2_ws/src/unity_toolbox/ROS-TCP-Endpoint-main-ros2/ros_tcp_endpoint/unity_service.py,2016,2025-09-04 03:46:39,2025-09-04 04:19:38,.py,keep,likely important by keyword
ros2/ros2_ws/src/bunker_ros2/README.md,3524,2025-10-31 10:42:34,2025-10-31 10:42:34,.md,keep,explicitly listed important
ros2/ros2_ws/src/bunker_ros2/bunker_3d_nav/launch/path_planner_3d.launch.py,2582,2025-10-06 14:40:21,2025-10-09 21:20:24,.py,keep,likely important by keyword
ros2/ros2_ws/src/bunker_ros2/bunker_3d_nav/launch/ta_star_unity_demo.launch.py,4511,2025-11-09 23:47:12,2025-11-09 23:47:12,.py,keep,likely important by keyword
ros2/ros2_ws/src/bunker_ros2/bunker_3d_nav/terrain_analyzer/README.md,2627,2025-10-06 14:43:14,2025-10-09 21:20:24,.md,keep,explicitly listed important
ros2/ros2_ws/src/bunker_ros2/bunker_3d_nav/bunker_3d_nav/ta_star_planner/dijkstra_planner_3d.py,10917,2025-11-10 19:04:49,2025-11-10 19:04:49,.py,keep,likely important by keyword
ros2/ros2_ws/src/bunker_ros2/bunker_3d_nav/bunker_3d_nav/ta_star_planner/ta_star_planner_node.py,20048,2025-11-29 15:44:45,2025-11-29 15:44:45,.py,keep,likely important by keyword
ros2/ros2_ws/src/bunker_ros2/bunker_3d_nav/bunker_3d_nav/ta_star_planner/weighted_astar_planner_3d.py,11625,2025-11-10 19:04:49,2025-11-10 19:04:49,.py,keep,likely important by keyword
ros2/ros2_ws/src/bunker_ros2/bunker_3d_nav/bunker_3d_nav/ta_star_planner/astar_planner_3d.py,14372,2025-11-10 19:04:49,2025-11-10 19:04:49,.py,keep,likely important by keyword
ros2/ros2_ws/src/bunker_ros2/bunker_3d_nav/bunker_3d_nav/ta_star_planner/path_planner_node.py,17476,2025-11-10 19:04:49,2025-11-10 19:04:49,.py,keep,likely important by keyword
ros2/ros2_ws/src/bunker_ros2/bunker_3d_nav/bunker_3d_nav/ta_star_planner/base_planner.py,5182,2025-11-10 19:04:49,2025-11-10 19:04:49,.py,keep,likely important by keyword
ros2/ros2_ws/src/bunker_ros2/bunker_3d_nav/bunker_3d_nav/ta_star_planner/astar_planner.py,8853,2025-11-10 19:04:49,2025-11-10 19:04:49,.py,keep,likely important by keyword
ros2/ros2_ws/src/bunker_ros2/bunker_3d_nav/bunker_3d_nav/ta_star_planner/rrt_star_planner_3d.py,13326,2025-11-10 19:04:49,2025-11-10 19:04:49,.py,keep,likely important by keyword
ros2/ros2_ws/src/bunker_ros2/bunker_3d_nav/bunker_3d_nav/ta_star_planner/theta_star_planner.py,8078,2025-11-10 19:04:49,2025-11-10 19:04:49,.py,keep,likely important by keyword
ros2/ros2_ws/src/bunker_ros2/bunker_3d_nav/bunker_3d_nav/unity_visualization/unity_visualization_node.py,3738,2025-11-09 17:21:25,2025-11-09 21:08:34,.py,keep,likely important by keyword
ros2/ros2_ws/src/bunker_ros2/bunker_3d_nav/unity_bridge/ros_to_unity_converter.py,11946,2025-10-09 21:01:14,2025-10-09 21:20:24,.py,keep,likely important by keyword
ros2/ros2_ws/src/bunker_ros2/.pytest_cache/.gitignore,37,2025-10-06 19:48:48,2025-10-06 19:48:48,,keep,explicitly listed important
ros2/ros2_ws/src/bunker_ros2/.pytest_cache/README.md,295,2025-10-06 19:48:48,2025-10-06 19:48:48,.md,keep,explicitly listed important
ros2/ros2_ws/src/bunker_ros2/benchmarks/realtime_benchmark.py,8664,2025-10-31 10:42:41,2025-10-31 10:42:41,.py,keep,likely important by keyword
ros2/ros2_ws/src/bunker_ros2/benchmarks/create_benchmark_dataset.py,2664,2025-10-31 10:42:40,2025-10-31 10:42:40,.py,keep,likely important by keyword
ros2/ros2_ws/src/bunker_ros2/ros_integration/path_planner_node.py,4088,2025-10-31 10:42:37,2025-10-31 10:42:37,.py,keep,likely important by keyword
ros2/ros2_ws/src/bunker_ros2/simulation_manager/generate_presentation_plots.py,13719,2025-12-23 03:14:54,2025-12-23 03:14:54,.py,keep,likely important by keyword
ros2/ros2_ws/build/bunker_unity/.cmake/api/v1/reply/target-bunker_unity_uninstall-4e0027c3ee73f499e6ee.json,1855,2025-11-13 20:53:58,2025-11-13 20:53:58,.json,keep,likely important by keyword
ros2/ros2_ws/build/topic_based_ros2_control/.cmake/api/v1/reply/target-topic_based_ros2_control-2d41041fc38bb1001f70.json,23364,2025-11-13 20:54:00,2025-11-13 20:54:00,.json,keep,likely important by keyword
ros2/ros2_ws/build/topic_based_ros2_control/.cmake/api/v1/reply/target-topic_based_ros2_control_uninstall-be4269bdabedd8743924.json,1928,2025-11-13 20:54:00,2025-11-13 20:54:00,.json,keep,likely important by keyword
ros2/ros2_ws/build/path_planner_3d/build/lib/path_planner_3d/dijkstra_planner_3d.py,10917,2025-11-07 12:40:06,2025-11-19 13:59:25,.py,keep,likely important by keyword
ros2/ros2_ws/build/path_planner_3d/build/lib/path_planner_3d/ta_star_planner_node.py,17142,2025-11-17 09:28:32,2025-11-19 13:59:25,.py,keep,likely important by keyword
ros2/ros2_ws/build/path_planner_3d/build/lib/path_planner_3d/ara_star_planner_3d.py,2809,2025-11-17 19:59:20,2025-11-19 13:59:25,.py,keep,likely important by keyword
ros2/ros2_ws/build/path_planner_3d/build/lib/path_planner_3d/weighted_astar_planner_3d.py,11625,2025-11-07 12:40:06,2025-11-19 13:59:25,.py,keep,likely important by keyword
ros2/ros2_ws/build/path_planner_3d/build/lib/path_planner_3d/astar_planner_3d.py,14372,2025-11-07 11:52:52,2025-11-19 13:59:25,.py,keep,likely important by keyword
ros2/ros2_ws/build/path_planner_3d/build/lib/path_planner_3d/path_planner_node.py,17476,2025-10-06 19:49:37,2025-11-19 13:59:25,.py,keep,likely important by keyword
ros2/ros2_ws/build/path_planner_3d/build/lib/path_planner_3d/base_planner.py,5182,2025-10-31 10:42:42,2025-11-19 13:59:25,.py,keep,likely important by keyword
ros2/ros2_ws/build/path_planner_3d/build/lib/path_planner_3d/astar_planner.py,8853,2025-10-31 10:42:42,2025-11-19 13:59:25,.py,keep,likely important by keyword
ros2/ros2_ws/build/path_planner_3d/build/lib/path_planner_3d/rrt_star_planner_3d.py,11402,2025-11-17 19:45:37,2025-11-19 13:59:25,.py,keep,likely important by keyword
ros2/ros2_ws/build/path_planner_3d/build/lib/path_planner_3d/theta_star_planner.py,8078,2025-10-31 10:42:35,2025-11-19 13:59:25,.py,keep,likely important by keyword
ros2/ros2_ws/install/bunker_3d_nav/lib/bunker_3d_nav/ros_to_unity_converter.py,11946,2025-10-09 21:01:14,2025-11-17 20:54:53,.py,keep,likely important by keyword
ros2/ros2_ws/install/bunker_3d_nav/share/bunker_3d_nav/launch/path_planner_3d.launch.py,2582,2025-10-06 14:40:21,2025-11-17 20:54:53,.py,keep,likely important by keyword
ros2/ros2_ws/install/bunker_3d_nav/share/bunker_3d_nav/launch/ta_star_unity_demo.launch.py,4511,2025-11-09 23:47:12,2025-11-17 20:54:53,.py,keep,likely important by keyword
ros2/ros2_ws/install/path_planner_3d/lib/python3.10/site-packages/path_planner_3d/dijkstra_planner_3d.py,10917,2025-11-07 12:40:06,2025-11-19 13:59:25,.py,keep,likely important by keyword
ros2/ros2_ws/install/path_planner_3d/lib/python3.10/site-packages/path_planner_3d/ta_star_planner_node.py,17142,2025-11-17 09:28:32,2025-11-19 13:59:25,.py,keep,likely important by keyword
ros2/ros2_ws/install/path_planner_3d/lib/python3.10/site-packages/path_planner_3d/ara_star_planner_3d.py,2809,2025-11-17 19:59:20,2025-11-19 13:59:25,.py,keep,likely important by keyword
ros2/ros2_ws/install/path_planner_3d/lib/python3.10/site-packages/path_planner_3d/weighted_astar_planner_3d.py,11625,2025-11-07 12:40:06,2025-11-19 13:59:25,.py,keep,likely important by keyword
ros2/ros2_ws/install/path_planner_3d/lib/python3.10/site-packages/path_planner_3d/astar_planner_3d.py,14372,2025-11-07 11:52:52,2025-11-19 13:59:25,.py,keep,likely important by keyword
ros2/ros2_ws/install/path_planner_3d/lib/python3.10/site-packages/path_planner_3d/path_planner_node.py,17476,2025-10-06 19:49:37,2025-11-19 13:59:25,.py,keep,likely important by keyword
ros2/ros2_ws/install/path_planner_3d/lib/python3.10/site-packages/path_planner_3d/base_planner.py,5182,2025-10-31 10:42:42,2025-11-19 13:59:25,.py,keep,likely important by keyword
ros2/ros2_ws/install/path_planner_3d/lib/python3.10/site-packages/path_planner_3d/astar_planner.py,8853,2025-10-31 10:42:42,2025-11-19 13:59:25,.py,keep,likely important by keyword
ros2/ros2_ws/install/path_planner_3d/lib/python3.10/site-packages/path_planner_3d/rrt_star_planner_3d.py,11402,2025-11-17 19:45:37,2025-11-19 13:59:25,.py,keep,likely important by keyword
ros2/ros2_ws/install/path_planner_3d/lib/python3.10/site-packages/path_planner_3d/theta_star_planner.py,8078,2025-10-31 10:42:35,2025-11-19 13:59:25,.py,keep,likely important by keyword
ros2/bunker_ros2/README.md,3828,2025-09-05 17:44:56,2025-09-05 17:44:56,.md,keep,explicitly listed important
ros2/bunker_ros2/bunker_3d_nav/examples/README.md,4283,2025-10-08 17:05:10,2025-10-08 17:05:10,.md,keep,explicitly listed important
ros2/bunker_ros2/bunker_3d_nav/path_planner_3d/path_planner_node.py,11404,2025-10-31 10:42:26,2025-10-31 10:42:26,.py,keep,likely important by keyword
ros2/bunker_ros2/bunker_vis/bunker_vis/README.md,148,2025-09-05 17:44:56,2025-09-05 17:44:56,.md,keep,explicitly listed important
ros2/bunker_ros2/bunker_vis/bunker_vis/mmseg/.gitignore,0,2025-09-05 17:44:56,2025-09-05 17:44:56,,keep,explicitly listed important
ros2/bunker_ros2/bunker_vis/bunker_vis/mmseg/configs/segformer/README.md,12154,2025-09-05 17:44:56,2025-09-05 17:44:56,.md,keep,explicitly listed important
ros2/bunker_ros2/bunker_vis/bunker_vis/mmseg/configs/fcn/README.md,30854,2025-09-05 17:44:56,2025-09-05 17:44:56,.md,keep,explicitly listed important
ros2/bunker_ros2/bunker_vis/bunker_vis/mmseg/configs/point_rend/README.md,6914,2025-09-05 17:44:56,2025-09-05 17:44:56,.md,keep,explicitly listed important
ros2/bunker_ros2/bunker_vis/bunker_vis/mmseg/configs/fastscnn/README.md,3343,2025-09-05 17:44:56,2025-09-05 17:44:56,.md,keep,explicitly listed important
ros2/bunker_ros2/bunker_vis/bunker_vis/mmseg/configs/vit/README.md,9422,2025-09-05 17:44:56,2025-09-05 17:44:56,.md,keep,explicitly listed important
ros2/bunker_ros2/bunker_vis/bunker_vis/mmseg/configs/emanet/README.md,5487,2025-09-05 17:44:56,2025-09-05 17:44:56,.md,keep,explicitly listed important
ros2/bunker_ros2/bunker_vis/bunker_vis/mmseg/configs/swin/README.md,8724,2025-09-05 17:44:56,2025-09-05 17:44:56,.md,keep,explicitly listed important
ros2/bunker_ros2/bunker_vis/bunker_vis/mmseg/configs/dmnet/README.md,11193,2025-09-05 17:44:56,2025-09-05 17:44:56,.md,keep,explicitly listed important
ros2/bunker_ros2/bunker_vis/bunker_vis/mmseg/configs/resnest/README.md,9023,2025-09-05 17:44:56,2025-09-05 17:44:56,.md,keep,explicitly listed important
ros2/bunker_ros2/bunker_vis/bunker_vis/mmseg/configs/dnlnet/README.md,10894,2025-09-05 17:44:56,2025-09-05 17:44:56,.md,keep,explicitly listed important
ros2/bunker_ros2/bunker_vis/bunker_vis/mmseg/configs/upernet/README.md,14076,2025-09-05 17:44:56,2025-09-05 17:44:56,.md,keep,explicitly listed important
ros2/bunker_ros2/bunker_vis/bunker_vis/mmseg/configs/deeplabv3/README.md,36235,2025-09-05 17:44:56,2025-09-05 17:44:56,.md,keep,explicitly listed important
ros2/bunker_ros2/bunker_vis/bunker_vis/mmseg/configs/erfnet/README.md,4113,2025-09-05 17:44:56,2025-09-05 17:44:56,.md,keep,explicitly listed important
ros2/bunker_ros2/bunker_vis/bunker_vis/mmseg/configs/unet/README.md,24494,2025-09-05 17:44:56,2025-09-05 17:44:56,.md,keep,explicitly listed important
ros2/bunker_ros2/bunker_vis/bunker_vis/mmseg/configs/pspnet/README.md,46769,2025-09-05 17:44:56,2025-09-05 17:44:56,.md,keep,explicitly listed important
ros2/bunker_ros2/bunker_vis/bunker_vis/mmseg/configs/bisenetv1/README.md,11347,2025-09-05 17:44:56,2025-09-05 17:44:56,.md,keep,explicitly listed important
ros2/bunker_ros2/bunker_vis/bunker_vis/mmseg/configs/segmenter/README.md,7502,2025-09-05 17:44:56,2025-09-05 17:44:56,.md,keep,explicitly listed important
ros2/bunker_ros2/bunker_vis/bunker_vis/mmseg/configs/psanet/README.md,14446,2025-09-05 17:44:56,2025-09-05 17:44:56,.md,keep,explicitly listed important
ros2/bunker_ros2/bunker_vis/bunker_vis/mmseg/configs/hrnet/README.md,30010,2025-09-05 17:44:56,2025-09-05 17:44:56,.md,keep,explicitly listed important
ros2/bunker_ros2/bunker_vis/bunker_vis/mmseg/configs/encnet/README.md,11274,2025-09-05 17:44:56,2025-09-05 17:44:56,.md,keep,explicitly listed important
ros2/bunker_ros2/bunker_vis/bunker_vis/mmseg/configs/icnet/README.md,10013,2025-09-05 17:44:56,2025-09-05 17:44:56,.md,keep,explicitly listed important
ros2/bunker_ros2/bunker_vis/bunker_vis/mmseg/configs/mobilenet_v2/README.md,9920,2025-09-05 17:44:56,2025-09-05 17:44:56,.md,keep,explicitly listed important
ros2/bunker_ros2/bunker_vis/bunker_vis/mmseg/configs/fastfcn/README.md,11648,2025-09-05 17:44:56,2025-09-05 17:44:56,.md,keep,explicitly listed important
ros2/bunker_ros2/bunker_vis/bunker_vis/mmseg/configs/ccnet/README.md,14615,2025-09-05 17:44:56,2025-09-05 17:44:56,.md,keep,explicitly listed important
ros2/bunker_ros2/bunker_vis/bunker_vis/mmseg/configs/twins/README.md,10863,2025-09-05 17:44:56,2025-09-05 17:44:56,.md,keep,explicitly listed important
ros2/bunker_ros2/bunker_vis/bunker_vis/mmseg/configs/apcnet/README.md,11465,2025-09-05 17:44:56,2025-09-05 17:44:56,.md,keep,explicitly listed important
ros2/bunker_ros2/bunker_vis/bunker_vis/mmseg/configs/setr/README.md,8802,2025-09-05 17:44:56,2025-09-05 17:44:56,.md,keep,explicitly listed important
ros2/bunker_ros2/bunker_vis/bunker_vis/mmseg/configs/isanet/README.md,13327,2025-09-05 17:44:56,2025-09-05 17:44:56,.md,keep,explicitly listed important
ros2/bunker_ros2/bunker_vis/bunker_vis/mmseg/configs/bisenetv2/README.md,6453,2025-09-05 17:44:56,2025-09-05 17:44:56,.md,keep,explicitly listed important
ros2/bunker_ros2/bunker_vis/bunker_vis/mmseg/configs/deeplabv3plus/README.md,38664,2025-09-05 17:44:56,2025-09-05 17:44:56,.md,keep,explicitly listed important
ros2/bunker_ros2/bunker_vis/bunker_vis/mmseg/configs/ocrnet/README.md,20480,2025-09-05 17:44:56,2025-09-05 17:44:56,.md,keep,explicitly listed important
ros2/bunker_ros2/bunker_vis/bunker_vis/mmseg/configs/cgnet/README.md,4495,2025-09-05 17:44:56,2025-09-05 17:44:56,.md,keep,explicitly listed important
ros2/bunker_ros2/bunker_vis/bunker_vis/mmseg/configs/ann/README.md,13974,2025-09-05 17:44:56,2025-09-05 17:44:56,.md,keep,explicitly listed important
ros2/bunker_ros2/bunker_vis/bunker_vis/mmseg/configs/mobilenet_v3/README.md,6496,2025-09-05 17:44:56,2025-09-05 17:44:56,.md,keep,explicitly listed important
ros2/bunker_ros2/bunker_vis/bunker_vis/mmseg/configs/danet/README.md,14523,2025-09-05 17:44:56,2025-09-05 17:44:56,.md,keep,explicitly listed important
ros2/bunker_ros2/bunker_vis/bunker_vis/mmseg/configs/nonlocal_net/README.md,14889,2025-09-05 17:44:56,2025-09-05 17:44:56,.md,keep,explicitly listed important
ros2/bunker_ros2/bunker_vis/bunker_vis/mmseg/configs/gcnet/README.md,14461,2025-09-05 17:44:56,2025-09-05 17:44:56,.md,keep,explicitly listed important
ros2/bunker_ros2/bunker_vis/bunker_vis/mmseg/configs/dpt/README.md,4940,2025-09-05 17:44:56,2025-09-05 17:44:56,.md,keep,explicitly listed important
ros2/bunker_ros2/bunker_vis/bunker_vis/mmseg/configs/stdc/README.md,6792,2025-09-05 17:44:56,2025-09-05 17:44:56,.md,keep,explicitly listed important
ros2/bunker_ros2/bunker_vis/bunker_vis/mmseg/configs/sem_fpn/README.md,6395,2025-09-05 17:44:56,2025-09-05 17:44:56,.md,keep,explicitly listed important
ros2/bunker_ros2/build/bunker_3d_nav/build/lib/path_planner_3d/path_planner_node.py,11404,2025-10-06 19:59:45,2025-10-06 20:01:10,.py,keep,likely important by keyword
ros2/bunker_ros2/install/bunker_3d_nav/lib/python3.10/site-packages/path_planner_3d/path_planner_node.py,11404,2025-10-06 19:59:45,2025-10-06 20:01:10,.py,keep,likely important by keyword
ros2/bunker_ros2/install/bunker_3d_nav/share/bunker_3d_nav/launch/path_planner_3d.launch.py,2582,2025-10-06 14:40:21,2025-10-06 19:46:49,.py,keep,likely important by keyword
unity/README_Unity.md,1693,2025-12-16 14:37:48,2025-12-16 14:37:48,.md,keep,likely important by keyword
unity/ROS2Integration/unity_visualization_node.py,3738,2025-10-24 10:38:58,2025-10-24 10:38:58,.py,keep,likely important by keyword
unity/PathPlanningVisualization/README.md,4248,2025-10-24 10:38:58,2025-10-24 10:38:58,.md,keep,explicitly listed important
scripts/launch_unity_visualization.sh,1205,2025-11-09 17:54:03,2025-11-09 17:54:03,.sh,keep,likely important by keyword
scripts/launch_ta_star_demo.sh,7582,2025-11-09 17:54:03,2025-11-09 17:54:03,.sh,keep,likely important by keyword
scripts/plot_all_planners_by_size_linear.py,3691,2025-12-23 02:57:19,2025-12-23 02:57:19,.py,keep,likely important by keyword
scripts/benchmark_path_planners.py,21030,2025-11-17 20:03:23,2025-11-17 20:03:23,.py,keep,likely important by keyword
scripts/run_benchmark.sh,6828,2025-11-07 12:00:40,2025-11-07 12:00:40,.sh,keep,likely important by keyword
scripts/visualize_benchmark_results.py,16367,2025-12-16 11:23:53,2025-12-16 11:23:53,.py,keep,likely important by keyword
archive/unity_git/bunker_unity/ROS2_pkg/unity_toolbox/unity_ros2_scripts/test/test_copyright.py,962,2025-09-04 03:46:39,2025-09-04 03:46:39,.py,review,test/debug/old pattern
archive/unity_git/bunker_unity/ROS2_pkg/unity_toolbox/unity_ros2_scripts/test/test_pep257.py,803,2025-09-04 03:46:39,2025-09-04 03:46:39,.py,review,test/debug/old pattern
archive/unity_git/bunker_unity/ROS2_pkg/unity_toolbox/unity_ros2_scripts/test/test_flake8.py,884,2025-09-04 03:46:39,2025-09-04 03:46:39,.py,review,test/debug/old pattern
archive/unity_git/bunker_unity/ROS2_pkg/unity_toolbox/ROS-TCP-Endpoint-main-ros2/test/test_copyright.py,830,2025-09-04 03:46:39,2025-09-04 03:46:39,.py,review,test/debug/old pattern
archive/unity_git/bunker_unity/ROS2_pkg/unity_toolbox/ROS-TCP-Endpoint-main-ros2/test/test_pep257.py,814,2025-09-04 03:46:39,2025-09-04 03:46:39,.py,review,test/debug/old pattern
archive/unity_git/bunker_unity/ROS2_pkg/unity_toolbox/ROS-TCP-Endpoint-main-ros2/test/test_flake8.py,875,2025-09-04 03:46:39,2025-09-04 03:46:39,.py,review,test/debug/old pattern
archive/old_tests/test_cost_calculator.py,7312,2025-10-17 11:50:56,2025-11-09 16:43:23,.py,review,test/debug/old pattern
archive/old_tests/test_node_3d.py,2304,2025-10-31 10:42:42,2025-11-09 16:43:23,.py,review,test/debug/old pattern
archive/old_tests/test_astar_basic.py,3024,2025-10-17 11:36:25,2025-11-09 16:43:23,.py,review,test/debug/old pattern
archive/old_tests/test_path_smoother.py,12760,2025-10-17 12:08:00,2025-11-09 16:43:23,.py,review,test/debug/old pattern
archive/old_tests/test_ta_star.py,2765,2025-11-09 16:13:23,2025-11-09 16:43:20,.py,review,test/debug/old pattern
archive/old_tests/test_ta_astar.py,5024,2025-10-18 11:44:48,2025-11-09 16:43:23,.py,review,test/debug/old pattern
venv/lib/python3.10/site-packages/pip/_internal/utils/temp_dir.py,9307,2025-12-16 12:03:07,2025-12-16 12:03:07,.py,review,test/debug/old pattern
venv/lib/python3.10/site-packages/pip/_vendor/msgpack/COPYING,614,2025-12-16 12:03:07,2025-12-16 12:03:07,,review,possible duplicate
venv/lib/python3.10/site-packages/pip-25.3.dist-info/licenses/src/pip/_vendor/msgpack/COPYING,614,2025-12-16 12:03:07,2025-12-16 12:03:07,,review,possible duplicate
venv/lib/python3.10/site-packages/numpy/tests/test_lazyloading.py,1159,2025-12-16 16:31:20,2025-12-16 16:31:20,.py,review,test/debug/old pattern
venv/lib/python3.10/site-packages/numpy/tests/test__all__.py,221,2025-12-16 16:31:20,2025-12-16 16:31:20,.py,review,test/debug/old pattern
venv/lib/python3.10/site-packages/numpy/tests/test_public_api.py,27664,2025-12-16 16:31:20,2025-12-16 16:31:20,.py,review,test/debug/old pattern
venv/lib/python3.10/site-packages/numpy/tests/test_configtool.py,1555,2025-12-16 16:31:20,2025-12-16 16:31:20,.py,review,test/debug/old pattern
venv/lib/python3.10/site-packages/numpy/tests/test_ctypeslib.py,12351,2025-12-16 16:31:20,2025-12-16 16:31:20,.py,review,test/debug/old pattern
venv/lib/python3.10/site-packages/numpy/tests/test_scripts.py,1645,2025-12-16 16:31:20,2025-12-16 16:31:20,.py,review,test/debug/old pattern
venv/lib/python3.10/site-packages/numpy/tests/test_warnings.py,2346,2025-12-16 16:31:20,2025-12-16 16:31:20,.py,review,test/debug/old pattern
venv/lib/python3.10/site-packages/numpy/tests/test_matlib.py,1852,2025-12-16 16:31:20,2025-12-16 16:31:20,.py,review,test/debug/old pattern
venv/lib/python3.10/site-packages/numpy/tests/test_reloading.py,2367,2025-12-16 16:31:20,2025-12-16 16:31:20,.py,review,test/debug/old pattern
venv/lib/python3.10/site-packages/numpy/tests/test_numpy_config.py,1233,2025-12-16 16:31:20,2025-12-16 16:31:20,.py,review,test/debug/old pattern
venv/lib/python3.10/site-packages/numpy/tests/test_numpy_version.py,1754,2025-12-16 16:31:20,2025-12-16 16:31:20,.py,review,test/debug/old pattern
venv/lib/python3.10/site-packages/numpy/matrixlib/tests/test_defmatrix.py,15035,2025-12-16 16:31:20,2025-12-16 16:31:20,.py,review,test/debug/old pattern
venv/lib/python3.10/site-packages/numpy/matrixlib/tests/test_interaction.py,11895,2025-12-16 16:31:20,2025-12-16 16:31:20,.py,review,test/debug/old pattern
venv/lib/python3.10/site-packages/numpy/matrixlib/tests/test_masked_matrix.py,8914,2025-12-16 16:31:20,2025-12-16 16:31:20,.py,review,test/debug/old pattern
venv/lib/python3.10/site-packages/numpy/matrixlib/tests/test_numeric.py,441,2025-12-16 16:31:20,2025-12-16 16:31:20,.py,review,test/debug/old pattern
venv/lib/python3.10/site-packages/numpy/matrixlib/tests/test_multiarray.py,554,2025-12-16 16:31:20,2025-12-16 16:31:20,.py,review,test/debug/old pattern
venv/lib/python3.10/site-packages/numpy/matrixlib/tests/test_matrix_linalg.py,2059,2025-12-16 16:31:20,2025-12-16 16:31:20,.py,review,test/debug/old pattern
venv/lib/python3.10/site-packages/numpy/matrixlib/tests/test_regression.py,932,2025-12-16 16:31:20,2025-12-16 16:31:20,.py,review,test/debug/old pattern
venv/lib/python3.10/site-packages/numpy/fft/tests/test_pocketfft.py,24410,2025-12-16 16:31:20,2025-12-16 16:31:20,.py,review,test/debug/old pattern
venv/lib/python3.10/site-packages/numpy/fft/tests/test_helper.py,6149,2025-12-16 16:31:20,2025-12-16 16:31:20,.py,review,test/debug/old pattern
venv/lib/python3.10/site-packages/numpy/random/tests/test_direct.py,19956,2025-12-16 16:31:20,2025-12-16 16:31:20,.py,review,test/debug/old pattern
venv/lib/python3.10/site-packages/numpy/random/tests/test_extending.py,4435,2025-12-16 16:31:20,2025-12-16 16:31:20,.py,review,test/debug/old pattern
venv/lib/python3.10/site-packages/numpy/random/tests/test_generator_mt19937_regressions.py,8094,2025-12-16 16:31:20,2025-12-16 16:31:20,.py,review,test/debug/old pattern
venv/lib/python3.10/site-packages/numpy/random/tests/test_randomstate_regression.py,7999,2025-12-16 16:31:20,2025-12-16 16:31:20,.py,review,test/debug/old pattern
venv/lib/python3.10/site-packages/numpy/random/tests/test_seed_sequence.py,3311,2025-12-16 16:31:20,2025-12-16 16:31:20,.py,review,test/debug/old pattern
venv/lib/python3.10/site-packages/numpy/random/tests/test_generator_mt19937.py,117288,2025-12-16 16:31:20,2025-12-16 16:31:20,.py,review,test/debug/old pattern
venv/lib/python3.10/site-packages/numpy/random/tests/test_randomstate.py,85275,2025-12-16 16:31:20,2025-12-16 16:31:20,.py,review,test/debug/old pattern
venv/lib/python3.10/site-packages/numpy/random/tests/test_regression.py,5462,2025-12-16 16:31:20,2025-12-16 16:31:20,.py,review,test/debug/old pattern
venv/lib/python3.10/site-packages/numpy/random/tests/test_random.py,70150,2025-12-16 16:31:20,2025-12-16 16:31:20,.py,review,test/debug/old pattern
venv/lib/python3.10/site-packages/numpy/random/tests/test_smoke.py,28174,2025-12-16 16:31:20,2025-12-16 16:31:20,.py,review,test/debug/old pattern
venv/lib/python3.10/site-packages/numpy/f2py/tests/test_symbolic.py,18341,2025-12-16 16:31:20,2025-12-16 16:31:20,.py,review,test/debug/old pattern
venv/lib/python3.10/site-packages/numpy/f2py/tests/test_character.py,21905,2025-12-16 16:31:20,2025-12-16 16:31:20,.py,review,test/debug/old pattern
venv/lib/python3.10/site-packages/numpy/f2py/tests/test_semicolon_split.py,1626,2025-12-16 16:31:20,2025-12-16 16:31:20,.py,review,test/debug/old pattern
venv/lib/python3.10/site-packages/numpy/f2py/tests/test_common.py,641,2025-12-16 16:31:20,2025-12-16 16:31:20,.py,review,test/debug/old pattern
venv/lib/python3.10/site-packages/numpy/f2py/tests/test_crackfortran.py,16383,2025-12-16 16:31:20,2025-12-16 16:31:20,.py,review,test/debug/old pattern
venv/lib/python3.10/site-packages/numpy/f2py/tests/test_pyf_src.py,1135,2025-12-16 16:31:20,2025-12-16 16:31:20,.py,review,test/debug/old pattern
venv/lib/python3.10/site-packages/numpy/f2py/tests/test_mixed.py,860,2025-12-16 16:31:20,2025-12-16 16:31:20,.py,review,test/debug/old pattern
venv/lib/python3.10/site-packages/numpy/f2py/tests/test_return_character.py,1511,2025-12-16 16:31:20,2025-12-16 16:31:20,.py,review,test/debug/old pattern
venv/lib/python3.10/site-packages/numpy/f2py/tests/test_block_docstring.py,582,2025-12-16 16:31:20,2025-12-16 16:31:20,.py,review,test/debug/old pattern
venv/lib/python3.10/site-packages/numpy/f2py/tests/test_f2py2e.py,27868,2025-12-16 16:31:20,2025-12-16 16:31:20,.py,review,test/debug/old pattern
venv/lib/python3.10/site-packages/numpy/f2py/tests/test_return_integer.py,1776,2025-12-16 16:31:20,2025-12-16 16:31:20,.py,review,test/debug/old pattern
venv/lib/python3.10/site-packages/numpy/f2py/tests/test_array_from_pyobj.py,23702,2025-12-16 16:31:20,2025-12-16 16:31:20,.py,review,test/debug/old pattern
venv/lib/python3.10/site-packages/numpy/f2py/tests/test_isoc.py,1428,2025-12-16 16:31:20,2025-12-16 16:31:20,.py,review,test/debug/old pattern
venv/lib/python3.10/site-packages/numpy/f2py/tests/test_quoted_character.py,476,2025-12-16 16:31:20,2025-12-16 16:31:20,.py,review,test/debug/old pattern
venv/lib/python3.10/site-packages/numpy/f2py/tests/test_value_attrspec.py,329,2025-12-16 16:31:20,2025-12-16 16:31:20,.py,review,test/debug/old pattern
venv/lib/python3.10/site-packages/numpy/f2py/tests/test_size.py,1154,2025-12-16 16:31:20,2025-12-16 16:31:20,.py,review,test/debug/old pattern
venv/lib/python3.10/site-packages/numpy/f2py/tests/test_kind.py,1783,2025-12-16 16:31:20,2025-12-16 16:31:20,.py,review,test/debug/old pattern
venv/lib/python3.10/site-packages/numpy/f2py/tests/test_abstract_interface.py,809,2025-12-16 16:31:20,2025-12-16 16:31:20,.py,review,test/debug/old pattern
venv/lib/python3.10/site-packages/numpy/f2py/tests/test_parameter.py,4623,2025-12-16 16:31:20,2025-12-16 16:31:20,.py,review,test/debug/old pattern
venv/lib/python3.10/site-packages/numpy/f2py/tests/test_f2cmap.py,385,2025-12-16 16:31:20,2025-12-16 16:31:20,.py,review,test/debug/old pattern
venv/lib/python3.10/site-packages/numpy/f2py/tests/test_return_complex.py,2415,2025-12-16 16:31:20,2025-12-16 16:31:20,.py,review,test/debug/old pattern
venv/lib/python3.10/site-packages/numpy/f2py/tests/test_return_real.py,3247,2025-12-16 16:31:20,2025-12-16 16:31:20,.py,review,test/debug/old pattern
venv/lib/python3.10/site-packages/numpy/f2py/tests/test_data.py,2888,2025-12-16 16:31:20,2025-12-16 16:31:20,.py,review,test/debug/old pattern
venv/lib/python3.10/site-packages/numpy/f2py/tests/test_string.py,2936,2025-12-16 16:31:20,2025-12-16 16:31:20,.py,review,test/debug/old pattern
venv/lib/python3.10/site-packages/numpy/f2py/tests/test_routines.py,794,2025-12-16 16:31:20,2025-12-16 16:31:20,.py,review,test/debug/old pattern
venv/lib/python3.10/site-packages/numpy/f2py/tests/test_return_logical.py,2017,2025-12-16 16:31:20,2025-12-16 16:31:20,.py,review,test/debug/old pattern
venv/lib/python3.10/site-packages/numpy/f2py/tests/test_modules.py,2299,2025-12-16 16:31:20,2025-12-16 16:31:20,.py,review,test/debug/old pattern
venv/lib/python3.10/site-packages/numpy/f2py/tests/test_callback.py,7114,2025-12-16 16:31:20,2025-12-16 16:31:20,.py,review,test/debug/old pattern
venv/lib/python3.10/site-packages/numpy/f2py/tests/test_assumed_shape.py,1466,2025-12-16 16:31:20,2025-12-16 16:31:20,.py,review,test/debug/old pattern
venv/lib/python3.10/site-packages/numpy/f2py/tests/test_regression.py,5849,2025-12-16 16:31:20,2025-12-16 16:31:20,.py,review,test/debug/old pattern
venv/lib/python3.10/site-packages/numpy/f2py/tests/test_docs.py,1850,2025-12-16 16:31:20,2025-12-16 16:31:20,.py,review,test/debug/old pattern
venv/lib/python3.10/site-packages/numpy/ma/tests/test_arrayobject.py,1099,2025-12-16 16:31:20,2025-12-16 16:31:20,.py,review,test/debug/old pattern
venv/lib/python3.10/site-packages/numpy/ma/tests/test_core.py,219264,2025-12-16 16:31:20,2025-12-16 16:31:20,.py,review,test/debug/old pattern
venv/lib/python3.10/site-packages/numpy/ma/tests/test_extras.py,78314,2025-12-16 16:31:20,2025-12-16 16:31:20,.py,review,test/debug/old pattern
venv/lib/python3.10/site-packages/numpy/ma/tests/test_deprecations.py,2566,2025-12-16 16:31:20,2025-12-16 16:31:20,.py,review,test/debug/old pattern
venv/lib/python3.10/site-packages/numpy/ma/tests/test_subclassing.py,17009,2025-12-16 16:31:20,2025-12-16 16:31:20,.py,review,test/debug/old pattern
venv/lib/python3.10/site-packages/numpy/ma/tests/test_regression.py,3287,2025-12-16 16:31:20,2025-12-16 16:31:20,.py,review,test/debug/old pattern
venv/lib/python3.10/site-packages/numpy/ma/tests/test_old_ma.py,32753,2025-12-16 16:31:20,2025-12-16 16:31:20,.py,review,test/debug/old pattern
venv/lib/python3.10/site-packages/numpy/ma/tests/test_mrecords.py,19855,2025-12-16 16:31:20,2025-12-16 16:31:20,.py,review,test/debug/old pattern
venv/lib/python3.10/site-packages/numpy/typing/tests/test_isfile.py,865,2025-12-16 16:31:20,2025-12-16 16:31:20,.py,review,test/debug/old pattern
venv/lib/python3.10/site-packages/numpy/typing/tests/test_typing.py,8308,2025-12-16 16:31:20,2025-12-16 16:31:20,.py,review,test/debug/old pattern
venv/lib/python3.10/site-packages/numpy/typing/tests/test_runtime.py,3275,2025-12-16 16:31:20,2025-12-16 16:31:20,.py,review,test/debug/old pattern
venv/lib/python3.10/site-packages/numpy/polynomial/tests/test_symbol.py,5372,2025-12-16 16:31:20,2025-12-16 16:31:20,.py,review,test/debug/old pattern
venv/lib/python3.10/site-packages/numpy/polynomial/tests/test_hermite.py,18576,2025-12-16 16:31:20,2025-12-16 16:31:20,.py,review,test/debug/old pattern
venv/lib/python3.10/site-packages/numpy/polynomial/tests/test_chebyshev.py,20522,2025-12-16 16:31:20,2025-12-16 16:31:20,.py,review,test/debug/old pattern
venv/lib/python3.10/site-packages/numpy/polynomial/tests/test_classes.py,18450,2025-12-16 16:31:20,2025-12-16 16:31:20,.py,review,test/debug/old pattern
venv/lib/python3.10/site-packages/numpy/polynomial/tests/test_polyutils.py,3772,2025-12-16 16:31:20,2025-12-16 16:31:20,.py,review,test/debug/old pattern
venv/lib/python3.10/site-packages/numpy/polynomial/tests/test_printing.py,21302,2025-12-16 16:31:20,2025-12-16 16:31:20,.py,review,test/debug/old pattern
venv/lib/python3.10/site-packages/numpy/polynomial/tests/test_legendre.py,18672,2025-12-16 16:31:20,2025-12-16 16:31:20,.py,review,test/debug/old pattern
venv/lib/python3.10/site-packages/numpy/polynomial/tests/test_hermite_e.py,18911,2025-12-16 16:31:20,2025-12-16 16:31:20,.py,review,test/debug/old pattern
venv/lib/python3.10/site-packages/numpy/polynomial/tests/test_polynomial.py,22013,2025-12-16 16:31:20,2025-12-16 16:31:20,.py,review,test/debug/old pattern
venv/lib/python3.10/site-packages/numpy/polynomial/tests/test_laguerre.py,17510,2025-12-16 16:31:20,2025-12-16 16:31:20,.py,review,test/debug/old pattern
venv/lib/python3.10/site-packages/numpy/lib/tests/test_utils.py,2374,2025-12-16 16:31:20,2025-12-16 16:31:20,.py,review,test/debug/old pattern
venv/lib/python3.10/site-packages/numpy/lib/tests/test__iotools.py,13744,2025-12-16 16:31:20,2025-12-16 16:31:20,.py,review,test/debug/old pattern
venv/lib/python3.10/site-packages/numpy/lib/tests/test_recfunctions.py,43987,2025-12-16 16:31:20,2025-12-16 16:31:20,.py,review,test/debug/old pattern
venv/lib/python3.10/site-packages/numpy/lib/tests/test_index_tricks.py,20368,2025-12-16 16:31:20,2025-12-16 16:31:20,.py,review,test/debug/old pattern
venv/lib/python3.10/site-packages/numpy/lib/tests/test_arraysetops.py,38023,2025-12-16 16:31:20,2025-12-16 16:31:20,.py,review,test/debug/old pattern
venv/lib/python3.10/site-packages/numpy/lib/tests/test_ufunclike.py,3023,2025-12-16 16:31:20,2025-12-16 16:31:20,.py,review,test/debug/old pattern
venv/lib/python3.10/site-packages/numpy/lib/tests/test_shape_base.py,27488,2025-12-16 16:31:20,2025-12-16 16:31:20,.py,review,test/debug/old pattern
venv/lib/python3.10/site-packages/numpy/lib/tests/test_function_base.py,168840,2025-12-16 16:31:20,2025-12-16 16:31:20,.py,review,test/debug/old pattern
venv/lib/python3.10/site-packages/numpy/lib/tests/test__version.py,1999,2025-12-16 16:31:20,2025-12-16 16:31:20,.py,review,test/debug/old pattern
venv/lib/python3.10/site-packages/numpy/lib/tests/test_packbits.py,17544,2025-12-16 16:31:20,2025-12-16 16:31:20,.py,review,test/debug/old pattern
venv/lib/python3.10/site-packages/numpy/lib/tests/test_arrayterator.py,1291,2025-12-16 16:31:20,2025-12-16 16:31:20,.py,review,test/debug/old pattern
venv/lib/python3.10/site-packages/numpy/lib/tests/test_twodim_base.py,18841,2025-12-16 16:31:20,2025-12-16 16:31:20,.py,review,test/debug/old pattern
venv/lib/python3.10/site-packages/numpy/lib/tests/test_type_check.py,14680,2025-12-16 16:31:20,2025-12-16 16:31:20,.py,review,test/debug/old pattern
venv/lib/python3.10/site-packages/numpy/lib/tests/test_stride_tricks.py,22997,2025-12-16 16:31:20,2025-12-16 16:31:20,.py,review,test/debug/old pattern
venv/lib/python3.10/site-packages/numpy/lib/tests/test_arraypad.py,56064,2025-12-16 16:31:20,2025-12-16 16:31:20,.py,review,test/debug/old pattern
venv/lib/python3.10/site-packages/numpy/lib/tests/test_histograms.py,33694,2025-12-16 16:31:20,2025-12-16 16:31:20,.py,review,test/debug/old pattern
venv/lib/python3.10/site-packages/numpy/lib/tests/test_format.py,40911,2025-12-16 16:31:20,2025-12-16 16:31:20,.py,review,test/debug/old pattern
venv/lib/python3.10/site-packages/numpy/lib/tests/test_nanfunctions.py,53344,2025-12-16 16:31:20,2025-12-16 16:31:20,.py,review,test/debug/old pattern
venv/lib/python3.10/site-packages/numpy/lib/tests/test_mixins.py,7030,2025-12-16 16:31:20,2025-12-16 16:31:20,.py,review,test/debug/old pattern
venv/lib/python3.10/site-packages/numpy/lib/tests/test_polynomial.py,11428,2025-12-16 16:31:20,2025-12-16 16:31:20,.py,review,test/debug/old pattern
venv/lib/python3.10/site-packages/numpy/lib/tests/test_loadtxt.py,40522,2025-12-16 16:31:20,2025-12-16 16:31:20,.py,review,test/debug/old pattern
venv/lib/python3.10/site-packages/numpy/lib/tests/test_regression.py,7694,2025-12-16 16:31:20,2025-12-16 16:31:20,.py,review,test/debug/old pattern
venv/lib/python3.10/site-packages/numpy/lib/tests/test__datasource.py,10571,2025-12-16 16:31:20,2025-12-16 16:31:20,.py,review,test/debug/old pattern
venv/lib/python3.10/site-packages/numpy/lib/tests/test_array_utils.py,1119,2025-12-16 16:31:20,2025-12-16 16:31:20,.py,review,test/debug/old pattern
venv/lib/python3.10/site-packages/numpy/lib/tests/test_io.py,110047,2025-12-16 16:31:20,2025-12-16 16:31:20,.py,review,test/debug/old pattern
venv/lib/python3.10/site-packages/numpy/_pyinstaller/tests/test_pyinstaller.py,1135,2025-12-16 16:31:20,2025-12-16 16:31:20,.py,review,test/debug/old pattern
venv/lib/python3.10/site-packages/numpy/linalg/tests/test_deprecations.py,640,2025-12-16 16:31:20,2025-12-16 16:31:20,.py,review,test/debug/old pattern
venv/lib/python3.10/site-packages/numpy/linalg/tests/test_linalg.py,83315,2025-12-16 16:31:20,2025-12-16 16:31:20,.py,review,test/debug/old pattern
venv/lib/python3.10/site-packages/numpy/linalg/tests/test_regression.py,6689,2025-12-16 16:31:20,2025-12-16 16:31:20,.py,review,test/debug/old pattern
venv/lib/python3.10/site-packages/numpy/testing/tests/test_utils.py,70456,2025-12-16 16:31:20,2025-12-16 16:31:20,.py,review,test/debug/old pattern
venv/lib/python3.10/site-packages/numpy/distutils/tests/test_build_ext.py,2779,2025-12-16 16:31:20,2025-12-16 16:31:20,.py,review,test/debug/old pattern
venv/lib/python3.10/site-packages/numpy/distutils/tests/test_fcompiler.py,1277,2025-12-16 16:31:20,2025-12-16 16:31:20,.py,review,test/debug/old pattern
venv/lib/python3.10/site-packages/numpy/distutils/tests/test_system_info.py,11405,2025-12-16 16:31:20,2025-12-16 16:31:20,.py,review,test/debug/old pattern
venv/lib/python3.10/site-packages/numpy/distutils/tests/test_log.py,868,2025-12-16 16:31:20,2025-12-16 16:31:20,.py,review,test/debug/old pattern
venv/lib/python3.10/site-packages/numpy/distutils/tests/test_ccompiler_opt.py,28778,2025-12-16 16:31:20,2025-12-16 16:31:20,.py,review,test/debug/old pattern
venv/lib/python3.10/site-packages/numpy/distutils/tests/test_fcompiler_gnu.py,2136,2025-12-16 16:31:20,2025-12-16 16:31:20,.py,review,test/debug/old pattern
venv/lib/python3.10/site-packages/numpy/distutils/tests/test_npy_pkg_config.py,2557,2025-12-16 16:31:20,2025-12-16 16:31:20,.py,review,test/debug/old pattern
venv/lib/python3.10/site-packages/numpy/distutils/tests/test_from_template.py,1103,2025-12-16 16:31:20,2025-12-16 16:31:20,.py,review,test/debug/old pattern
venv/lib/python3.10/site-packages/numpy/distutils/tests/test_ccompiler_opt_conf.py,6347,2025-12-16 16:31:20,2025-12-16 16:31:20,.py,review,test/debug/old pattern
venv/lib/python3.10/site-packages/numpy/distutils/tests/test_fcompiler_intel.py,1058,2025-12-16 16:31:20,2025-12-16 16:31:20,.py,review,test/debug/old pattern
venv/lib/python3.10/site-packages/numpy/distutils/tests/test_exec_command.py,7395,2025-12-16 16:31:20,2025-12-16 16:31:20,.py,review,test/debug/old pattern
venv/lib/python3.10/site-packages/numpy/distutils/tests/test_misc_util.py,3364,2025-12-16 16:31:20,2025-12-16 16:31:20,.py,review,test/debug/old pattern
venv/lib/python3.10/site-packages/numpy/distutils/tests/test_shell_utils.py,2114,2025-12-16 16:31:20,2025-12-16 16:31:20,.py,review,test/debug/old pattern
venv/lib/python3.10/site-packages/numpy/distutils/tests/test_mingw32ccompiler.py,1609,2025-12-16 16:31:20,2025-12-16 16:31:20,.py,review,test/debug/old pattern
venv/lib/python3.10/site-packages/numpy/distutils/tests/test_fcompiler_nagfor.py,1102,2025-12-16 16:31:20,2025-12-16 16:31:20,.py,review,test/debug/old pattern
venv/lib/python3.10/site-packages/numpy/_core/tests/test_longdouble.py,13890,2025-12-16 16:31:20,2025-12-16 16:31:20,.py,review,test/debug/old pattern
venv/lib/python3.10/site-packages/numpy/_core/tests/test_scalarinherit.py,2588,2025-12-16 16:31:20,2025-12-16 16:31:20,.py,review,test/debug/old pattern
venv/lib/python3.10/site-packages/numpy/_core/tests/test_array_interface.py,7767,2025-12-16 16:31:20,2025-12-16 16:31:20,.py,review,test/debug/old pattern
venv/lib/python3.10/site-packages/numpy/_core/tests/test_arrayobject.py,2596,2025-12-16 16:31:20,2025-12-16 16:31:20,.py,review,test/debug/old pattern
venv/lib/python3.10/site-packages/numpy/_core/tests/test_indexing.py,55297,2025-12-16 16:31:20,2025-12-16 16:31:20,.py,review,test/debug/old pattern
venv/lib/python3.10/site-packages/numpy/_core/tests/test_protocols.py,1189,2025-12-16 16:31:20,2025-12-16 16:31:20,.py,review,test/debug/old pattern
venv/lib/python3.10/site-packages/numpy/_core/tests/test_array_api_info.py,3062,2025-12-16 16:31:20,2025-12-16 16:31:20,.py,review,test/debug/old pattern
venv/lib/python3.10/site-packages/numpy/_core/tests/test_records.py,20534,2025-12-16 16:31:20,2025-12-16 16:31:20,.py,review,test/debug/old pattern
venv/lib/python3.10/site-packages/numpy/_core/tests/test_scalarprint.py,20635,2025-12-16 16:31:20,2025-12-16 16:31:20,.py,review,test/debug/old pattern
venv/lib/python3.10/site-packages/numpy/_core/tests/test_conversion_utils.py,6605,2025-12-16 16:31:20,2025-12-16 16:31:20,.py,review,test/debug/old pattern
venv/lib/python3.10/site-packages/numpy/_core/tests/test_api.py,22930,2025-12-16 16:31:20,2025-12-16 16:31:20,.py,review,test/debug/old pattern
venv/lib/python3.10/site-packages/numpy/_core/tests/test_dtype.py,77402,2025-12-16 16:31:20,2025-12-16 16:31:20,.py,review,test/debug/old pattern
venv/lib/python3.10/site-packages/numpy/_core/tests/test_simd_module.py,3903,2025-12-16 16:31:20,2025-12-16 16:31:20,.py,review,test/debug/old pattern
venv/lib/python3.10/site-packages/numpy/_core/tests/test_abc.py,2221,2025-12-16 16:31:20,2025-12-16 16:31:20,.py,review,test/debug/old pattern
venv/lib/python3.10/site-packages/numpy/_core/tests/test__exceptions.py,2881,2025-12-16 16:31:20,2025-12-16 16:31:20,.py,review,test/debug/old pattern
venv/lib/python3.10/site-packages/numpy/_core/tests/test_multithreading.py,8606,2025-12-16 16:31:20,2025-12-16 16:31:20,.py,review,test/debug/old pattern
venv/lib/python3.10/site-packages/numpy/_core/tests/test_dlpack.py,5801,2025-12-16 16:31:20,2025-12-16 16:31:20,.py,review,test/debug/old pattern
venv/lib/python3.10/site-packages/numpy/_core/tests/test_shape_base.py,30982,2025-12-16 16:31:20,2025-12-16 16:31:20,.py,review,test/debug/old pattern
venv/lib/python3.10/site-packages/numpy/_core/tests/test_function_base.py,17462,2025-12-16 16:31:20,2025-12-16 16:31:20,.py,review,test/debug/old pattern
venv/lib/python3.10/site-packages/numpy/_core/tests/test_casting_unittests.py,34308,2025-12-16 16:31:20,2025-12-16 16:31:20,.py,review,test/debug/old pattern
venv/lib/python3.10/site-packages/numpy/_core/tests/test_mem_overlap.py,29138,2025-12-16 16:31:20,2025-12-16 16:31:20,.py,review,test/debug/old pattern
venv/lib/python3.10/site-packages/numpy/_core/tests/test_deprecations.py,28510,2025-12-16 16:31:20,2025-12-16 16:31:20,.py,review,test/debug/old pattern
venv/lib/python3.10/site-packages/numpy/_core/tests/test_machar.py,1069,2025-12-16 16:31:20,2025-12-16 16:31:20,.py,review,test/debug/old pattern
venv/lib/python3.10/site-packages/numpy/_core/tests/test_indexerrors.py,4734,2025-12-16 16:31:20,2025-12-16 16:31:20,.py,review,test/debug/old pattern
venv/lib/python3.10/site-packages/numpy/_core/tests/test_umath.py,193188,2025-12-16 16:31:20,2025-12-16 16:31:20,.py,review,test/debug/old pattern
venv/lib/python3.10/site-packages/numpy/_core/tests/test_unicode.py,12854,2025-12-16 16:31:20,2025-12-16 16:31:20,.py,review,test/debug/old pattern
venv/lib/python3.10/site-packages/numpy/_core/tests/test_arraymethod.py,3253,2025-12-16 16:31:20,2025-12-16 16:31:20,.py,review,test/debug/old pattern
venv/lib/python3.10/site-packages/numpy/_core/tests/test_half.py,24313,2025-12-16 16:31:20,2025-12-16 16:31:20,.py,review,test/debug/old pattern
venv/lib/python3.10/site-packages/numpy/_core/tests/test_cpu_features.py,15419,2025-12-16 16:31:20,2025-12-16 16:31:20,.py,review,test/debug/old pattern
venv/lib/python3.10/site-packages/numpy/_core/tests/test_mem_policy.py,16660,2025-12-16 16:31:20,2025-12-16 16:31:20,.py,review,test/debug/old pattern
venv/lib/python3.10/site-packages/numpy/_core/tests/test_strings.py,51787,2025-12-16 16:31:20,2025-12-16 16:31:20,.py,review,test/debug/old pattern
venv/lib/python3.10/site-packages/numpy/_core/tests/test_limited_api.py,3304,2025-12-16 16:31:20,2025-12-16 16:31:20,.py,review,test/debug/old pattern
venv/lib/python3.10/site-packages/numpy/_core/tests/test_scalar_methods.py,9142,2025-12-16 16:31:20,2025-12-16 16:31:20,.py,review,test/debug/old pattern
venv/lib/python3.10/site-packages/numpy/_core/tests/test_array_coercion.py,34833,2025-12-16 16:31:20,2025-12-16 16:31:20,.py,review,test/debug/old pattern
venv/lib/python3.10/site-packages/numpy/_core/tests/test_item_selection.py,6458,2025-12-16 16:31:20,2025-12-16 16:31:20,.py,review,test/debug/old pattern
venv/lib/python3.10/site-packages/numpy/_core/tests/test_cpu_dispatcher.py,1552,2025-12-16 16:31:20,2025-12-16 16:31:20,.py,review,test/debug/old pattern
venv/lib/python3.10/site-packages/numpy/_core/tests/test_stringdtype.py,57658,2025-12-16 16:31:20,2025-12-16 16:31:20,.py,review,test/debug/old pattern
venv/lib/python3.10/site-packages/numpy/_core/tests/test_custom_dtypes.py,11623,2025-12-16 16:31:20,2025-12-16 16:31:20,.py,review,test/debug/old pattern
venv/lib/python3.10/site-packages/numpy/_core/tests/test_getlimits.py,6977,2025-12-16 16:31:20,2025-12-16 16:31:20,.py,review,test/debug/old pattern
venv/lib/python3.10/site-packages/numpy/_core/tests/test_scalar_ctors.py,6719,2025-12-16 16:31:20,2025-12-16 16:31:20,.py,review,test/debug/old pattern
venv/lib/python3.10/site-packages/numpy/_core/tests/test_overrides.py,27936,2025-12-16 16:31:20,2025-12-16 16:31:20,.py,review,test/debug/old pattern
venv/lib/python3.10/site-packages/numpy/_core/tests/test_datetime.py,121671,2025-12-16 16:31:20,2025-12-16 16:31:20,.py,review,test/debug/old pattern
venv/lib/python3.10/site-packages/numpy/_core/tests/test_numeric.py,158490,2025-12-16 16:31:20,2025-12-16 16:31:20,.py,review,test/debug/old pattern
venv/lib/python3.10/site-packages/numpy/_core/tests/test_einsum.py,52890,2025-12-16 16:31:20,2025-12-16 16:31:20,.py,review,test/debug/old pattern
venv/lib/python3.10/site-packages/numpy/_core/tests/test_simd.py,48650,2025-12-16 16:31:20,2025-12-16 16:31:20,.py,review,test/debug/old pattern
venv/lib/python3.10/site-packages/numpy/_core/tests/test_scalarmath.py,46631,2025-12-16 16:31:20,2025-12-16 16:31:20,.py,review,test/debug/old pattern
venv/lib/python3.10/site-packages/numpy/_core/tests/test_scalarbuffer.py,5582,2025-12-16 16:31:20,2025-12-16 16:31:20,.py,review,test/debug/old pattern
venv/lib/python3.10/site-packages/numpy/_core/tests/test_ufunc.py,132405,2025-12-16 16:31:20,2025-12-16 16:31:20,.py,review,test/debug/old pattern
venv/lib/python3.10/site-packages/numpy/_core/tests/test_casting_floatingpoint_errors.py,5074,2025-12-16 16:31:20,2025-12-16 16:31:20,.py,review,test/debug/old pattern
venv/lib/python3.10/site-packages/numpy/_core/tests/test_nditer.py,131186,2025-12-16 16:31:20,2025-12-16 16:31:20,.py,review,test/debug/old pattern
venv/lib/python3.10/site-packages/numpy/_core/tests/test_defchararray.py,30601,2025-12-16 16:31:20,2025-12-16 16:31:20,.py,review,test/debug/old pattern
venv/lib/python3.10/site-packages/numpy/_core/tests/test_multiarray.py,392270,2025-12-16 16:31:20,2025-12-16 16:31:20,.py,review,test/debug/old pattern
venv/lib/python3.10/site-packages/numpy/_core/tests/test_umath_complex.py,23290,2025-12-16 16:31:20,2025-12-16 16:31:20,.py,review,test/debug/old pattern
venv/lib/python3.10/site-packages/numpy/_core/tests/test_extint128.py,5644,2025-12-16 16:31:20,2025-12-16 16:31:20,.py,review,test/debug/old pattern
venv/lib/python3.10/site-packages/numpy/_core/tests/test_nep50_promotions.py,10064,2025-12-16 16:31:20,2025-12-16 16:31:20,.py,review,test/debug/old pattern
venv/lib/python3.10/site-packages/numpy/_core/tests/test_numerictypes.py,23292,2025-12-16 16:31:20,2025-12-16 16:31:20,.py,review,test/debug/old pattern
venv/lib/python3.10/site-packages/numpy/_core/tests/test_print.py,6836,2025-12-16 16:31:20,2025-12-16 16:31:20,.py,review,test/debug/old pattern
venv/lib/python3.10/site-packages/numpy/_core/tests/test_hashtable.py,1147,2025-12-16 16:31:20,2025-12-16 16:31:20,.py,review,test/debug/old pattern
venv/lib/python3.10/site-packages/numpy/_core/tests/test_errstate.py,4634,2025-12-16 16:31:20,2025-12-16 16:31:20,.py,review,test/debug/old pattern
venv/lib/python3.10/site-packages/numpy/_core/tests/test_regression.py,95395,2025-12-16 16:31:20,2025-12-16 16:31:20,.py,review,test/debug/old pattern
venv/lib/python3.10/site-packages/numpy/_core/tests/test_memmap.py,8142,2025-12-16 16:31:20,2025-12-16 16:31:20,.py,review,test/debug/old pattern
venv/lib/python3.10/site-packages/numpy/_core/tests/test_cython.py,8619,2025-12-16 16:31:20,2025-12-16 16:31:20,.py,review,test/debug/old pattern
venv/lib/python3.10/site-packages/numpy/_core/tests/test_arrayprint.py,49068,2025-12-16 16:31:20,2025-12-16 16:31:20,.py,review,test/debug/old pattern
venv/lib/python3.10/site-packages/numpy/_core/tests/test_umath_accuracy.py,5472,2025-12-16 16:31:20,2025-12-16 16:31:20,.py,review,test/debug/old pattern
venv/lib/python3.10/site-packages/numpy/_core/tests/test_argparse.py,2824,2025-12-16 16:31:20,2025-12-16 16:31:20,.py,review,test/debug/old pattern
venv/lib/python3.10/site-packages/numpy/_core/tests/data/astype_copy.pkl,716,2025-12-16 16:31:20,2025-12-16 16:31:20,.pkl,review,possible duplicate
ros2/ros2_ws/src/build/bunker_msgs/.cmake/api/v1/reply/target-ament_cmake_python_copy_bunker_msgs-7169acd4d029f0382163.json,2008,2025-09-05 17:50:10,2025-09-05 17:50:10,.json,review,possible duplicate
ros2/ros2_ws/src/build/map_service/.cmake/api/v1/reply/target-ament_cmake_python_copy_map_service-b29333e72ac2cd94b09d.json,2008,2025-09-05 17:50:10,2025-09-05 17:50:10,.json,review,possible duplicate
ros2/ros2_ws/src/path_planner_3d/path_planner_3d/test_terrain_complexity.py,2268,2025-11-17 20:37:01,2025-11-17 21:04:09,.py,review,test/debug/old pattern
ros2/ros2_ws/src/unity_toolbox/unity_ros2_scripts/test/test_copyright.py,962,2025-09-04 03:46:39,2025-09-04 04:19:38,.py,review,test/debug/old pattern
ros2/ros2_ws/src/unity_toolbox/unity_ros2_scripts/test/test_pep257.py,803,2025-09-04 03:46:39,2025-09-04 04:19:38,.py,review,test/debug/old pattern
ros2/ros2_ws/src/unity_toolbox/unity_ros2_scripts/test/test_flake8.py,884,2025-09-04 03:46:39,2025-09-04 04:19:38,.py,review,test/debug/old pattern
ros2/ros2_ws/src/unity_toolbox/ROS-TCP-Endpoint-main-ros2/test/test_copyright.py,830,2025-09-04 03:46:39,2025-09-04 04:19:38,.py,review,test/debug/old pattern
ros2/ros2_ws/src/unity_toolbox/ROS-TCP-Endpoint-main-ros2/test/test_pep257.py,814,2025-09-04 03:46:39,2025-09-04 04:19:38,.py,review,test/debug/old pattern
ros2/ros2_ws/src/unity_toolbox/ROS-TCP-Endpoint-main-ros2/test/test_flake8.py,875,2025-09-04 03:46:39,2025-09-04 04:19:38,.py,review,test/debug/old pattern
ros2/ros2_ws/src/bunker_ros2/test_optimized_realistic.py,3657,2025-10-31 10:42:47,2025-10-31 10:42:47,.py,review,test/debug/old pattern
ros2/ros2_ws/src/bunker_ros2/bunker_3d_nav/terrain_analyzer/test_terrain_node.py,16481,2025-10-09 16:38:17,2025-10-09 21:20:24,.py,review,test/debug/old pattern
ros2/ros2_ws/src/bunker_ros2/bunker_3d_nav/terrain_analyzer/test_slope_calculator.py,12167,2025-10-09 16:13:58,2025-10-09 21:20:24,.py,review,test/debug/old pattern
ros2/ros2_ws/src/bunker_ros2/bunker_3d_nav/terrain_analyzer/test_voxel_processor.py,5903,2025-10-09 16:13:58,2025-10-09 21:20:24,.py,review,test/debug/old pattern
ros2/ros2_ws/src/bunker_ros2/bunker_3d_nav/terrain_analyzer/test_integration.py,14697,2025-10-09 16:13:58,2025-10-09 21:20:24,.py,review,test/debug/old pattern
ros2/ros2_ws/src/bunker_ros2/bunker_3d_nav/bunker_3d_nav/scripts/test_custom_messages.py,8438,2025-10-09 16:28:44,2025-11-09 19:12:51,.py,review,test/debug/old pattern
ros2/ros2_ws/src/bunker_ros2/bunker_3d_nav/unity_bridge/test_unity_bridge.py,16553,2025-10-09 21:16:02,2025-10-09 21:20:24,.py,review,test/debug/old pattern
ros2/ros2_ws/src/bunker_ros2/bunker_3d_nav/scripts/debug/debug_terrain_analyzer.py,9396,2025-10-06 19:49:37,2025-10-06 19:49:37,.py,review,test/debug/old pattern
ros2/ros2_ws/src/bunker_ros2/bunker_3d_nav/test/test_terrain_analyzer_node.py,1605,2025-10-16 20:18:11,2025-10-16 20:18:11,.py,review,test/debug/old pattern
ros2/ros2_ws/src/bunker_ros2/tests/test_experiments.py,1365,2025-10-31 10:42:35,2025-10-31 10:42:35,.py,review,test/debug/old pattern
ros2/ros2_ws/src/bunker_ros2/tests/test_planners.py,1313,2025-10-31 10:42:35,2025-10-31 10:42:35,.py,review,test/debug/old pattern
ros2/ros2_ws/src/bunker_ros2/unity_bridge/test_unity_bridge.py,16553,2025-10-31 10:42:27,2025-10-31 10:42:27,.py,review,test/debug/old pattern
ros2/ros2_ws/src/bunker_ros2/simulation_manager/run_dijkstra_dwa_experiment_v3.py,11854,2025-12-17 14:09:51,2025-12-17 14:09:51,.py,review,test/debug/old pattern
ros2/ros2_ws/src/bunker_ros2/simulation_manager/test_lazy_tastar.py,4222,2025-10-31 10:42:43,2025-10-31 10:42:43,.py,review,test/debug/old pattern
ros2/ros2_ws/src/bunker_ros2/simulation_manager/run_dijkstra_dwa_experiment_v2.py,7550,2025-12-17 13:02:48,2025-12-17 13:02:48,.py,review,test/debug/old pattern
ros2/ros2_ws/src/bunker_ros2/simulation_manager/debug_astar_api.py,3707,2025-10-31 10:42:30,2025-10-31 10:42:30,.py,review,test/debug/old pattern
ros2/ros2_ws/src/bunker_ros2/simulation_manager/tests/test_scenario_generator.py,5971,2025-10-24 10:38:53,2025-10-24 10:38:53,.py,review,test/debug/old pattern
ros2/ros2_ws/src/bunker_ros2/simulation_manager/tests/test_simulation_runner.py,5114,2025-10-24 10:38:53,2025-10-24 10:38:53,.py,review,test/debug/old pattern
ros2/ros2_ws/src/bunker_ros2/experiments/test_adaptive_tastar.py,4722,2025-10-31 10:42:42,2025-10-31 10:42:42,.py,review,test/debug/old pattern
ros2/ros2_ws/src/bunker_ros2/test/test_voxel_grid_processor.py,7747,2025-10-06 19:49:37,2025-10-06 19:49:37,.py,review,test/debug/old pattern
ros2/ros2_ws/src/bunker_ros2/test/test_slope_calculator.py,7777,2025-10-06 19:49:37,2025-10-06 19:49:37,.py,review,test/debug/old pattern
ros2/ros2_ws/src/bunker_ros2/test/test_cost_function.py,9799,2025-10-06 19:49:37,2025-10-06 19:49:37,.py,review,test/debug/old pattern
ros2/ros2_ws/src/bunker_ros2/test/test_integration.py,11319,2025-10-06 14:59:47,2025-10-06 14:59:47,.py,review,test/debug/old pattern
ros2/ros2_ws/src/bunker_ros2/test/test_astar_3d.py,8125,2025-10-06 19:49:37,2025-10-06 19:49:37,.py,review,test/debug/old pattern
ros2/ros2_ws/build/bunker_3d_nav/.cmake/api/v1/reply/target-ament_cmake_python_copy_bunker_3d_nav-e16d8ba6310e2141247f.json,2012,2025-11-17 20:54:51,2025-11-17 20:54:51,.json,review,possible duplicate
ros2/ros2_ws/build/path_planner_3d/build/lib/path_planner_3d/test_terrain_complexity.py,2268,2025-11-17 20:37:01,2025-11-19 13:59:25,.py,review,test/debug/old pattern
ros2/ros2_ws/install/path_planner_3d/lib/python3.10/site-packages/path_planner_3d/test_terrain_complexity.py,2268,2025-11-17 20:37:01,2025-11-19 13:59:25,.py,review,test/debug/old pattern
ros2/bunker_ros2/bunker_gazebo/launch/test_rtabmap_bunker.launch.py,1773,2025-09-05 17:44:56,2025-09-05 17:44:56,.py,review,test/debug/old pattern
ros2/bunker_ros2/bunker_gazebo/config/nav2_purepursuit_w_shim copy.yaml,11857,2025-09-05 17:44:56,2025-09-05 17:44:56,.yaml,review,possible duplicate
ros2/bunker_ros2/bunker_3d_nav/terrain_analyzer/test_slope_calculator.py,8393,2025-10-09 16:00:34,2025-10-09 16:00:34,.py,review,test/debug/old pattern
ros2/bunker_ros2/bunker_3d_nav/terrain_analyzer/test_voxel_processor.py,4404,2025-10-09 16:00:34,2025-10-09 16:00:34,.py,review,test/debug/old pattern
ros2/bunker_ros2/bunker_nav/launch/test_rtabmap_bunker.launch.py,1870,2025-09-05 17:44:56,2025-09-05 17:44:56,.py,review,test/debug/old pattern
ros2/bunker_ros2/bunker_vis/bunker_vis/semantic_v2.py,5431,2025-09-05 17:44:56,2025-09-05 17:44:56,.py,review,test/debug/old pattern
ros2/bunker_ros2/bunker_vis/bunker_vis/mmseg/models/backbones/mobilenet_v3.py,10845,2025-09-05 17:44:56,2025-09-05 17:44:56,.py,review,test/debug/old pattern
ros2/bunker_ros2/bunker_vis/bunker_vis/mmseg/models/backbones/mobilenet_v2.py,7640,2025-09-05 17:44:56,2025-09-05 17:44:56,.py,review,test/debug/old pattern
ros2/bunker_ros2/bunker_vis/bunker_vis/mmseg/datasets/pipelines/test_time_aug.py,5221,2025-09-05 17:44:56,2025-09-05 17:44:56,.py,review,test/debug/old pattern
ros2/bunker_ros2/bunker_vis/test/test_copyright.py,790,2025-09-05 17:44:56,2025-09-05 17:44:56,.py,review,test/debug/old pattern
ros2/bunker_ros2/bunker_vis/test/test_pep257.py,803,2025-09-05 17:44:56,2025-09-05 17:44:56,.py,review,test/debug/old pattern
ros2/bunker_ros2/bunker_vis/test/test_flake8.py,884,2025-09-05 17:44:56,2025-09-05 17:44:56,.py,review,test/debug/old pattern
ros2/bunker_ros2/map_point/test/test_copyright.py,790,2025-09-05 17:44:56,2025-09-05 17:44:56,.py,review,test/debug/old pattern
ros2/bunker_ros2/map_point/test/test_pep257.py,803,2025-09-05 17:44:56,2025-09-05 17:44:56,.py,review,test/debug/old pattern
ros2/bunker_ros2/map_point/test/test_flake8.py,884,2025-09-05 17:44:56,2025-09-05 17:44:56,.py,review,test/debug/old pattern
ros2/bunker_ros2/bunker_gps/test/test_copyright.py,790,2025-09-05 17:44:56,2025-09-05 17:44:56,.py,review,test/debug/old pattern
ros2/bunker_ros2/bunker_gps/test/test_pep257.py,803,2025-09-05 17:44:56,2025-09-05 17:44:56,.py,review,test/debug/old pattern
ros2/bunker_ros2/bunker_gps/test/test_flake8.py,884,2025-09-05 17:44:56,2025-09-05 17:44:56,.py,review,test/debug/old pattern
scripts/test_ta_star.py,3065,2025-11-09 18:02:43,2025-11-09 18:02:47,.py,review,test/debug/old pattern
